filename,typ
TISDC2025/real/時尚/F71427118_3.jpg,real
TISDC2025/real/時尚/F71427295_1.jpg,real
TISDC2025/real/時尚/F70725686_3.jpg,real
TISDC2025/real/時尚/F60221672_3.jpg,real
TISDC2025/real/時尚/F62724217_2.png,real
TISDC2025/real/時尚/F71532660_1.jpg,real
TISDC2025/real/時尚/F52421422_1.jpg,real
TISDC2025/real/時尚/F71529635_2.jpg,real
TISDC2025/real/時尚/F71427366_3.jpg,real
TISDC2025/real/時尚/F71527422_1.jpeg,real
TISDC2025/real/時尚/F61622661_2.jpg,real
TISDC2025/real/時尚/F71532155_1.jpg,real
TISDC2025/real/時尚/F62523860_3.jpg,real
TISDC2025/real/時尚/F71126745_3.jpg,real
TISDC2025/real/時尚/F71427076_3.jpeg,real
TISDC2025/real/時尚/F61122067_2.jpg,real
TISDC2025/real/時尚/F71327017_1.JPG,real
TISDC2025/real/時尚/F62924367_3.jpg,real
TISDC2025/real/時尚/F62724217_3.png,real
TISDC2025/real/時尚/F71532253_2.png,real
TISDC2025/real/時尚/F62623959_2.jpg,real
TISDC2025/real/時尚/F52221338_1.jpg,real
TISDC2025/real/時尚/F52421422_3.jpg,real
TISDC2025/real/時尚/F71532335_1.jpeg,real
TISDC2025/real/時尚/F70124575_2.jpeg,real
TISDC2025/real/時尚/F71326988_1.jpg,real
TISDC2025/real/時尚/F71126745_1.jpg,real
TISDC2025/real/時尚/F71427295_2.jpg,real
TISDC2025/real/時尚/F71427295_3.jpg,real
TISDC2025/real/時尚/F71532253_1.png,real
TISDC2025/real/時尚/F62523860_2.jpg,real
TISDC2025/real/時尚/F63024516_2.jpg,real
TISDC2025/real/時尚/F71126549_1.png,real
TISDC2025/real/時尚/F61122061_2.jpg,real
TISDC2025/real/時尚/F71527422_2.jpeg,real
TISDC2025/real/時尚/F71427366_2.jpg,real
TISDC2025/real/時尚/F61622661_1.jpg,real
TISDC2025/real/時尚/F71126721_2.jpg,real
TISDC2025/real/時尚/F62924367_1.jpg,real
TISDC2025/real/時尚/F71532660_2.jpg,real
TISDC2025/real/時尚/F61122061_1.jpg,real
TISDC2025/real/時尚/F71532335_2.jpeg,real
TISDC2025/real/時尚/F60221672_1.jpg,real
TISDC2025/real/時尚/F62323633_2.jpg,real
TISDC2025/real/時尚/F71527422_3.jpeg,real
TISDC2025/real/時尚/F71532658_2.jpg,real
TISDC2025/real/時尚/F61122067_1.jpg,real
TISDC2025/real/時尚/F62924367_2.jpg,real
TISDC2025/real/時尚/F62724217_1.png,real
TISDC2025/real/時尚/F71427352_1.jpg,real
TISDC2025/real/時尚/F70124575_3.jpeg,real
TISDC2025/real/時尚/F71427352_3.jpg,real
TISDC2025/real/時尚/F71427118_2.jpg,real
TISDC2025/real/時尚/F70725686_1.jpg,real
TISDC2025/real/時尚/F71527431_2.jpeg,real
TISDC2025/real/時尚/F71527431_1.jpeg,real
TISDC2025/real/時尚/F71529635_1.jpg,real
TISDC2025/real/時尚/F71327017_3.png,real
TISDC2025/real/時尚/F71326988_2.jpg,real
TISDC2025/real/時尚/F62423804_1.jpg,real
TISDC2025/real/時尚/F71427352_2.jpg,real
TISDC2025/real/時尚/F71532335_3.jpeg,real
TISDC2025/real/時尚/F71126745_2.jpg,real
TISDC2025/real/時尚/F61622661_3.jpg,real
TISDC2025/real/時尚/F71529635_3.jpg,real
TISDC2025/real/時尚/F71532660_3.jpg,real
TISDC2025/real/時尚/F62623959_3.jpg,real
TISDC2025/real/時尚/F60221672_2.jpg,real
TISDC2025/real/時尚/F71327017_2.png,real
TISDC2025/real/時尚/F62623959_1.jpg,real
TISDC2025/real/時尚/F61122053_1.jpg,real
TISDC2025/real/時尚/F63024516_3.jpg,real
TISDC2025/real/時尚/F62323633_1.jpg,real
TISDC2025/real/時尚/F61122053_2.jpg,real
TISDC2025/real/時尚/F71527431_3.jpeg,real
TISDC2025/real/時尚/F70124575_1.jpeg,real
TISDC2025/real/時尚/F61122067_3.jpg,real
TISDC2025/real/時尚/F71532253_3.jpeg,real
TISDC2025/real/時尚/F71126721_1.jpg,real
TISDC2025/real/時尚/F62523860_1.jpg,real
TISDC2025/real/時尚/F52421422_2.jpg,real
TISDC2025/real/時尚/F71427076_1.jpeg,real
TISDC2025/real/時尚/F70725686_2.jpg,real
TISDC2025/real/時尚/F62423804_2.jpg,real
TISDC2025/real/時尚/F71126721_3.jpg,real
TISDC2025/real/時尚/F42800003_1.jpg,real
TISDC2025/real/時尚/F62323633_3.jpg,real
TISDC2025/real/時尚/F71427118_1.jpg,real
TISDC2025/real/時尚/F71532658_1.jpg,real
TISDC2025/real/時尚/F61122053_3.jpg,real
TISDC2025/real/時尚/F63024516_1.jpg,real
TISDC2025/real/時尚/F52221338_2.jpg,real
TISDC2025/real/時尚/F71326988_3.jpg,real
TISDC2025/real/時尚/F71532658_3.jpg,real
TISDC2025/real/時尚/F52221338_3.jpg,real
TISDC2025/real/時尚/F61122061_3.jpg,real
TISDC2025/real/時尚/F71427366_1.jpg,real
TISDC2025/real/時尚/F71427076_2.jpeg,real
TISDC2025/real/產品/P71326905_2.jpg,real
TISDC2025/real/產品/P71427102_3.jpg,real
TISDC2025/real/產品/P61722689_3.jpg,real
TISDC2025/real/產品/P70926185_3.jpg,real
TISDC2025/real/產品/P71532374_1.jpg,real
TISDC2025/real/產品/P71226870_3.jpg,real
TISDC2025/real/產品/P60721845_2.jpg,real
TISDC2025/real/產品/P71532364_2.jpg,real
TISDC2025/real/產品/P52121259_1.jpg,real
TISDC2025/real/產品/P51721039_3.jpg,real
TISDC2025/real/產品/P51921141_1.jpg,real
TISDC2025/real/產品/P71326943_3.jpg,real
TISDC2025/real/產品/P71427102_2.jpg,real
TISDC2025/real/產品/P52121269_2.jpg,real
TISDC2025/real/產品/P61923233_2.jpg,real
TISDC2025/real/產品/P71532364_3.jpg,real
TISDC2025/real/產品/P71532364_1.jpg,real
TISDC2025/real/產品/P60921972_3.jpg,real
TISDC2025/real/產品/P71532250_3.jpg,real
TISDC2025/real/產品/P63024521_1.jpg,real
TISDC2025/real/產品/P52621438_2.jpg,real
TISDC2025/real/產品/P51520985_3.jpg,real
TISDC2025/real/產品/P71326885_2.jpg,real
TISDC2025/real/產品/P51520985_1.jpg,real
TISDC2025/real/產品/P51921141_2.jpg,real
TISDC2025/real/產品/P52621482_1.jpg,real
TISDC2025/real/產品/P52621482_3.jpg,real
TISDC2025/real/產品/P61022015_3.jpg,real
TISDC2025/real/產品/P63024521_2.jpg,real
TISDC2025/real/產品/P70926172_2.jpg,real
TISDC2025/real/產品/P71527428_1.jpg,real
TISDC2025/real/產品/P71528067_2.jpg,real
TISDC2025/real/產品/P62824281_2.jpg,real
TISDC2025/real/產品/P71532195_2.jpg,real
TISDC2025/real/產品/P71026402_1.jpg,real
TISDC2025/real/產品/P71527555_1.jpg,real
TISDC2025/real/產品/P70425019_1.jpg,real
TISDC2025/real/產品/P52621438_3.jpg,real
TISDC2025/real/產品/P71427202_1.jpg,real
TISDC2025/real/產品/P71532466_1.jpg,real
TISDC2025/real/產品/P70926172_1.jpg,real
TISDC2025/real/產品/P71532286_2.jpg,real
TISDC2025/real/產品/P71226870_2.jpg,real
TISDC2025/real/產品/P70926129_3.jpg,real
TISDC2025/real/產品/P71527460_1.jpg,real
TISDC2025/real/產品/P61722689_1.jpg,real
TISDC2025/real/產品/P71026362_2.jpg,real
TISDC2025/real/產品/P71532133_3.jpg,real
TISDC2025/real/產品/P71527555_3.jpg,real
TISDC2025/real/產品/P61022015_2.jpg,real
TISDC2025/real/產品/P70425019_2.jpg,real
TISDC2025/real/產品/P61322232_2.jpg,real
TISDC2025/real/產品/P71532466_3.jpg,real
TISDC2025/real/產品/P70725808_2.jpg,real
TISDC2025/real/產品/P62123490_3.jpg,real
TISDC2025/real/產品/P71026402_2.jpg,real
TISDC2025/real/產品/P70725808_1.jpg,real
TISDC2025/real/產品/P70926202_1.jpg,real
TISDC2025/real/產品/P71427102_1.jpg,real
TISDC2025/real/產品/P51621001_3.jpg,real
TISDC2025/real/產品/P71527460_3.jpg,real
TISDC2025/real/產品/P71532250_1.jpg,real
TISDC2025/real/產品/P52621438_1.jpg,real
TISDC2025/real/產品/P70926202_3.jpg,real
TISDC2025/real/產品/P71532133_1.jpg,real
TISDC2025/real/產品/P71427202_3.jpg,real
TISDC2025/real/產品/P70926127_3.png,real
TISDC2025/real/產品/P62924361_2.jpg,real
TISDC2025/real/產品/P70926129_2.jpg,real
TISDC2025/real/產品/P61021982_1.jpg,real
TISDC2025/real/產品/P62123490_1.jpg,real
TISDC2025/real/產品/P62123490_2.jpg,real
TISDC2025/real/產品/P62824281_1.jpg,real
TISDC2025/real/產品/P62423726_1.jpg,real
TISDC2025/real/產品/P70926127_2.jpg,real
TISDC2025/real/產品/P71326943_2.jpg,real
TISDC2025/real/產品/P71532466_2.jpg,real
TISDC2025/real/產品/P62423726_2.jpg,real
TISDC2025/real/產品/P71532286_3.jpg,real
TISDC2025/real/產品/P51721039_2.jpg,real
TISDC2025/real/產品/P70926127_1.jpg,real
TISDC2025/real/產品/P71532133_2.jpg,real
TISDC2025/real/產品/P62423726_3.jpg,real
TISDC2025/real/產品/P71532374_2.jpg,real
TISDC2025/real/產品/P61822913_1.jpg,real
TISDC2025/real/產品/P71326905_3.jpg,real
TISDC2025/real/產品/P61822913_3.jpg,real
TISDC2025/real/產品/P61021982_2.jpg,real
TISDC2025/real/產品/P71532195_1.jpg,real
TISDC2025/real/產品/P71528067_3.jpg,real
TISDC2025/real/產品/P52121228_2.jpg,real
TISDC2025/real/產品/P51921136_3.jpg,real
TISDC2025/real/產品/P51921136_1.jpg,real
TISDC2025/real/產品/P71532374_3.jpg,real
TISDC2025/real/產品/P52121259_3.jpg,real
TISDC2025/real/產品/P71326885_1.jpg,real
TISDC2025/real/產品/P71532286_1.jpg,real
TISDC2025/real/產品/P70926172_3.jpg,real
TISDC2025/real/產品/P70926202_2.jpg,real
TISDC2025/real/產品/P62223507_2.jpg,real
TISDC2025/real/產品/P71326885_3.jpg,real
TISDC2025/real/產品/P71527428_2.jpg,real
TISDC2025/real/產品/P51520985_2.jpg,real
TISDC2025/real/產品/P62924361_1.jpg,real
TISDC2025/real/產品/P51721039_1.jpg,real
TISDC2025/real/產品/P71527555_2.jpg,real
TISDC2025/real/產品/P71226870_1.jpg,real
TISDC2025/real/產品/P61322232_1.jpg,real
TISDC2025/real/產品/P61822913_2.jpg,real
TISDC2025/real/產品/P70926185_1.jpg,real
TISDC2025/real/產品/P52121228_3.jpg,real
TISDC2025/real/產品/P71527460_2.jpg,real
TISDC2025/real/產品/P60921972_2.jpg,real
TISDC2025/real/產品/P60721845_1.jpg,real
TISDC2025/real/產品/P62924361_3.jpg,real
TISDC2025/real/產品/P71326943_1.jpg,real
TISDC2025/real/產品/P62423806_3.jpg,real
TISDC2025/real/產品/P52121269_3.jpg,real
TISDC2025/real/產品/P61722689_2.jpg,real
TISDC2025/real/產品/P51621001_2.jpg,real
TISDC2025/real/產品/P70725808_3.jpg,real
TISDC2025/real/產品/P71026362_1.jpg,real
TISDC2025/real/產品/P70425019_3.jpg,real
TISDC2025/real/產品/P52121259_2.jpg,real
TISDC2025/real/產品/P52121269_1.jpg,real
TISDC2025/real/產品/P61923233_1.jpg,real
TISDC2025/real/產品/P62223507_1.jpg,real
TISDC2025/real/產品/P61322232_3.jpg,real
TISDC2025/real/產品/P71528067_1.jpg,real
TISDC2025/real/產品/P71026402_3.jpg,real
TISDC2025/real/產品/P70926185_2.jpg,real
TISDC2025/real/產品/P71427202_2.jpg,real
TISDC2025/real/產品/P61022015_1.jpg,real
TISDC2025/real/產品/P71532250_2.jpg,real
TISDC2025/real/產品/P60921972_1.jpg,real
TISDC2025/real/產品/P62223507_3.jpg,real
TISDC2025/real/產品/P62423806_1.jpg,real
TISDC2025/real/產品/P51621001_1.jpg,real
TISDC2025/real/產品/P60121611_1.jpg,real
TISDC2025/real/產品/P71026362_3.jpg,real
TISDC2025/real/產品/P52621482_2.jpg,real
TISDC2025/real/產品/P70926129_1.jpg,real
TISDC2025/real/產品/P51921136_2.jpg,real
TISDC2025/real/產品/P71326905_1.jpg,real
TISDC2025/real/產品/P60721845_3.jpg,real
TISDC2025/real/產品/P71527428_3.jpg,real
TISDC2025/real/產品/P52121228_1.jpg,real
TISDC2025/real/產品/P62423806_2.jpg,real
TISDC2025/real/視覺/V71532436_2.jpg,real
TISDC2025/real/視覺/V51420915_3.jpg,real
TISDC2025/real/視覺/V51520956_2.jpg,real
TISDC2025/real/視覺/V62223526_2.jpg,real
TISDC2025/real/視覺/V60421755_1.jpg,real
TISDC2025/real/視覺/V71327003_1.jpg,real
TISDC2025/real/視覺/V62323626_1.jpg,real
TISDC2025/real/視覺/V52121258_1.jpg,real
TISDC2025/real/視覺/V71532459_3.jpg,real
TISDC2025/real/視覺/V71532459_2.jpg,real
TISDC2025/real/視覺/V51320833_3.jpg,real
TISDC2025/real/視覺/V60621821_2.jpg,real
TISDC2025/real/視覺/V60321714_3.jpg,real
TISDC2025/real/視覺/V51420915_1.jpg,real
TISDC2025/real/視覺/V70525114_2.jpg,real
TISDC2025/real/視覺/V71532580_3.jpg,real
TISDC2025/real/視覺/V62323665_2.jpg,real
TISDC2025/real/視覺/V61122105_1.jpg,real
TISDC2025/real/視覺/V62223526_1.jpg,real
TISDC2025/real/視覺/V61422422_3.jpg,real
TISDC2025/real/視覺/V61622650_3.jpg,real
TISDC2025/real/視覺/V71532507_2.jpg,real
TISDC2025/real/視覺/V51621031_1.jpg,real
TISDC2025/real/視覺/V51821105_1.jpg,real
TISDC2025/real/視覺/._V51520965_3.jpg,real
TISDC2025/real/視覺/V62323665_1.jpg,real
TISDC2025/real/視覺/._V70725927_2.jpg,real
TISDC2025/real/視覺/V51621006_3.jpg,real
TISDC2025/real/視覺/._V71532507_2.jpg,real
TISDC2025/real/視覺/V51520977_2.jpg,real
TISDC2025/real/視覺/V71532459_1.jpg,real
TISDC2025/real/視覺/V71532164_1.jpg,real
TISDC2025/real/視覺/V51520963_3.jpg,real
TISDC2025/real/視覺/V52121258_2.jpg,real
TISDC2025/real/視覺/V62323626_3.jpg,real
TISDC2025/real/視覺/V70224790_2.jpg,real
TISDC2025/real/視覺/._V51520965_1.jpg,real
TISDC2025/real/視覺/V51821114_1.jpg,real
TISDC2025/real/視覺/V51821107_1.jpg,real
TISDC2025/real/視覺/V52321370_3.jpg,real
TISDC2025/real/視覺/V51520996_3.jpg,real
TISDC2025/real/視覺/V51320833_1.jpg,real
TISDC2025/real/視覺/._V52121258_1.jpg,real
TISDC2025/real/視覺/V71327003_2.jpg,real
TISDC2025/real/視覺/V51520965_2.jpg,real
TISDC2025/real/視覺/V71532106_2.jpg,real
TISDC2025/real/視覺/V71532223_1.jpg,real
TISDC2025/real/視覺/V70224790_3.jpg,real
TISDC2025/real/視覺/V70826010_1.jpg,real
TISDC2025/real/視覺/V51821107_2.jpg,real
TISDC2025/real/視覺/V51520965_3.jpg,real
TISDC2025/real/視覺/V51921135_1.jpg,real
TISDC2025/real/視覺/V61923311_2.jpg,real
TISDC2025/real/視覺/V51220816_1.jpg,real
TISDC2025/real/視覺/._V71532156_2.jpg,real
TISDC2025/real/視覺/V51520963_1.jpg,real
TISDC2025/real/視覺/._V71327003_3.jpg,real
TISDC2025/real/視覺/V51520977_3.jpg,real
TISDC2025/real/視覺/V51420915_2.jpg,real
TISDC2025/real/視覺/V51520946_1.jpg,real
TISDC2025/real/視覺/V51821107_3.jpg,real
TISDC2025/real/視覺/V51420913_3.jpg,real
TISDC2025/real/視覺/V70424969_1.png,real
TISDC2025/real/視覺/V51520977_1.jpg,real
TISDC2025/real/視覺/._V71532164_2.jpg,real
TISDC2025/real/視覺/V71126738_2.jpg,real
TISDC2025/real/視覺/V60621821_1.jpg,real
TISDC2025/real/視覺/V62323665_3.jpg,real
TISDC2025/real/視覺/V61622650_2.jpg,real
TISDC2025/real/視覺/._V52121275_1.jpg,real
TISDC2025/real/視覺/V52321370_1.jpg,real
TISDC2025/real/視覺/V61622650_1.jpg,real
TISDC2025/real/視覺/V51520946_2.jpg,real
TISDC2025/real/視覺/V71532507_1.jpg,real
TISDC2025/real/視覺/V71532156_1.jpg,real
TISDC2025/real/視覺/V51821114_3.jpg,real
TISDC2025/real/視覺/V51621031_2.jpg,real
TISDC2025/real/視覺/V70525146_1.jpg,real
TISDC2025/real/視覺/V61122105_2.jpg,real
TISDC2025/real/視覺/V71532338_1.jpg,real
TISDC2025/real/視覺/V60821897_1.jpg,real
TISDC2025/real/視覺/V71327003_3.jpg,real
TISDC2025/real/視覺/V52121275_1.jpg,real
TISDC2025/real/視覺/V51220816_2.jpg,real
TISDC2025/real/視覺/V51420911_3.jpg,real
TISDC2025/real/視覺/V51821114_2.jpg,real
TISDC2025/real/視覺/V51420913_1.jpg,real
TISDC2025/real/視覺/V63024525_1.jpg,real
TISDC2025/real/視覺/V62223526_3.jpg,real
TISDC2025/real/視覺/V51921121_3.jpg,real
TISDC2025/real/視覺/V70224840_3.jpg,real
TISDC2025/real/視覺/V52121275_3.jpg,real
TISDC2025/real/視覺/V51621006_1.jpg,real
TISDC2025/real/視覺/V71532156_2.jpg,real
TISDC2025/real/視覺/._V51921135_1.jpg,real
TISDC2025/real/視覺/V61422422_1.jpg,real
TISDC2025/real/視覺/V52121258_3.jpg,real
TISDC2025/real/視覺/V71532156_3.jpg,real
TISDC2025/real/視覺/V60821897_3.jpg,real
TISDC2025/real/視覺/V61122105_3.jpg,real
TISDC2025/real/視覺/V71532338_2.jpg,real
TISDC2025/real/視覺/V61923311_1.jpg,real
TISDC2025/real/視覺/V52321370_2.jpg,real
TISDC2025/real/視覺/V71532436_1.jpg,real
TISDC2025/real/視覺/V51520944_3.jpg,real
TISDC2025/real/視覺/._V70525114_1.jpg,real
TISDC2025/real/視覺/V52121282_3.jpg,real
TISDC2025/real/視覺/V70124666_1.jpg,real
TISDC2025/real/視覺/V51520956_1.jpg,real
TISDC2025/real/視覺/V60321714_2.jpg,real
TISDC2025/real/視覺/V70725927_3.jpg,real
TISDC2025/real/視覺/V60421755_2.jpg,real
TISDC2025/real/視覺/V51721046_3.jpg,real
TISDC2025/real/視覺/V51721046_1.jpg,real
TISDC2025/real/視覺/V71532106_1.jpg,real
TISDC2025/real/視覺/V51520946_3.jpg,real
TISDC2025/real/視覺/V51721046_2.jpg,real
TISDC2025/real/視覺/V70826010_3.jpg,real
TISDC2025/real/視覺/V51420911_2.jpg,real
TISDC2025/real/視覺/V71026411_3.jpg,real
TISDC2025/real/視覺/V60321714_1.jpg,real
TISDC2025/real/視覺/V71532580_1.jpg,real
TISDC2025/real/視覺/V70124666_2.jpg,real
TISDC2025/real/視覺/V51520944_1.jpg,real
TISDC2025/real/視覺/V51821105_2.jpg,real
TISDC2025/real/視覺/V70324849_1.jpg,real
TISDC2025/real/視覺/V51420911_1.png,real
TISDC2025/real/視覺/V71126738_1.jpg,real
TISDC2025/real/視覺/V70826010_2.jpg,real
TISDC2025/real/視覺/V70224840_1.jpg,real
TISDC2025/real/視覺/V51921135_3.jpg,real
TISDC2025/real/視覺/V70525114_3.jpg,real
TISDC2025/real/視覺/V51520996_1.jpg,real
TISDC2025/real/視覺/V51921121_2.jpg,real
TISDC2025/real/視覺/V51420913_2.jpg,real
TISDC2025/real/視覺/V52121282_1.jpg,real
TISDC2025/real/視覺/V52121275_2.jpg,real
TISDC2025/real/視覺/V63024525_2.jpg,real
TISDC2025/real/視覺/V51921139_1.jpg,real
TISDC2025/real/視覺/V71126738_3.jpg,real
TISDC2025/real/視覺/V51520944_2.jpg,real
TISDC2025/real/視覺/V70725927_1.jpg,real
TISDC2025/real/視覺/V71532164_3.jpg,real
TISDC2025/real/視覺/._V60621815_1.jpg,real
TISDC2025/real/視覺/V71532419_1.jpg,real
TISDC2025/real/視覺/V60821897_2.jpg,real
TISDC2025/real/視覺/V52121282_2.jpg,real
TISDC2025/real/視覺/V70124666_3.jpg,real
TISDC2025/real/視覺/V60621821_3.jpg,real
TISDC2025/real/視覺/V51621031_3.jpg,real
TISDC2025/real/視覺/V61422422_2.jpg,real
TISDC2025/real/視覺/V71026411_1.jpg,real
TISDC2025/real/視覺/._V60621821_3.jpg,real
TISDC2025/real/視覺/V70224840_2.jpg,real
TISDC2025/real/視覺/V62323626_2.jpg,real
TISDC2025/real/視覺/V51621006_2.jpg,real
TISDC2025/real/視覺/V51520963_2.jpg,real
TISDC2025/real/視覺/V51320885_1.jpg,real
TISDC2025/real/視覺/V71532106_3.jpg,real
TISDC2025/real/視覺/V70725927_2.jpg,real
TISDC2025/real/視覺/V60621815_2.jpg,real
TISDC2025/real/視覺/V60621815_1.jpg,real
TISDC2025/real/視覺/V71532507_3.jpg,real
TISDC2025/real/視覺/V51320885_2.jpg,real
TISDC2025/real/視覺/V71532164_2.jpg,real
TISDC2025/real/視覺/V71126724_2.jpeg,real
TISDC2025/real/視覺/V51320833_2.jpg,real
TISDC2025/real/視覺/V51520956_3.jpg,real
TISDC2025/real/視覺/V51520996_2.jpg,real
TISDC2025/real/視覺/V51821105_3.jpg,real
TISDC2025/real/視覺/V71532580_2.jpg,real
TISDC2025/real/視覺/._V71532436_2.jpg,real
TISDC2025/real/視覺/V51921135_2.jpg,real
TISDC2025/real/視覺/V71126724_3.jpeg,real
TISDC2025/real/視覺/V71026411_2.jpg,real
TISDC2025/real/視覺/V70224790_1.jpg,real
TISDC2025/real/視覺/V71126724_1.jpeg,real
TISDC2025/real/視覺/V60621815_3.jpg,real
TISDC2025/real/視覺/V63024525_3.jpg,real
TISDC2025/real/視覺/V70525114_1.jpg,real
TISDC2025/real/視覺/V71532338_3.jpg,real
TISDC2025/real/視覺/V60421755_3.jpg,real
TISDC2025/real/視覺/V51921121_1.jpg,real
TISDC2025/real/視覺/V60921917_1.jpg,real
TISDC2025/real/視覺/V51520965_1.jpg,real
TISDC2025/real/視覺/V61923311_3.jpg,real
TISDC2025/real/建築與景觀/L60321696_1.jpg,real
TISDC2025/real/建築與景觀/L62323653_3.jpg,real
TISDC2025/real/建築與景觀/L61822861_2.jpg,real
TISDC2025/real/建築與景觀/L61522430_3.jpg,real
TISDC2025/real/建築與景觀/L71427070_3.jpg,real
TISDC2025/real/建築與景觀/L52621448_3.jpg,real
TISDC2025/real/建築與景觀/L70425034_3.jpg,real
TISDC2025/real/建築與景觀/L62323653_2.jpg,real
TISDC2025/real/建築與景觀/L62824240_2.png,real
TISDC2025/real/建築與景觀/L71532212_1.jpg,real
TISDC2025/real/建築與景觀/L61822832_1.jpg,real
TISDC2025/real/建築與景觀/L71532465_1.jpg,real
TISDC2025/real/建築與景觀/L51320867_3.jpg,real
TISDC2025/real/建築與景觀/L62423695_2.jpg,real
TISDC2025/real/建築與景觀/L62423695_1.jpg,real
TISDC2025/real/建築與景觀/L61823115_2.jpg,real
TISDC2025/real/建築與景觀/L51821118_2.jpg,real
TISDC2025/real/建築與景觀/L52621447_3.jpg,real
TISDC2025/real/建築與景觀/L61822861_3.jpg,real
TISDC2025/real/建築與景觀/L62824240_3.png,real
TISDC2025/real/建築與景觀/L71527558_2.jpg,real
TISDC2025/real/建築與景觀/L70725935_1.jpg,real
TISDC2025/real/建築與景觀/L70425027_3.jpg,real
TISDC2025/real/建築與景觀/L62523901_1.jpg,real
TISDC2025/real/建築與景觀/L61522523_1.jpg,real
TISDC2025/real/建築與景觀/L71532678_2.jpg,real
TISDC2025/real/建築與景觀/L71427131_1.jpg,real
TISDC2025/real/建築與景觀/L70625384_3.jpg,real
TISDC2025/real/建築與景觀/L51320867_2.jpg,real
TISDC2025/real/建築與景觀/L52621448_1.jpg,real
TISDC2025/real/建築與景觀/L71532678_1.jpg,real
TISDC2025/real/建築與景觀/L70725785_3.jpg,real
TISDC2025/real/建築與景觀/L61823115_3.jpg,real
TISDC2025/real/建築與景觀/L71427183_3.jpg,real
TISDC2025/real/建築與景觀/L71532188_2.jpg,real
TISDC2025/real/建築與景觀/L51821118_1.jpg,real
TISDC2025/real/建築與景觀/L71126588_2.jpg,real
TISDC2025/real/建築與景觀/L71427131_3.jpg,real
TISDC2025/real/建築與景觀/L71326936_1.jpg,real
TISDC2025/real/建築與景觀/L71532112_3.jpg,real
TISDC2025/real/建築與景觀/L70425034_2.jpg,real
TISDC2025/real/建築與景觀/L62824258_1.jpg,real
TISDC2025/real/建築與景觀/L71427131_2.jpg,real
TISDC2025/real/建築與景觀/L62824258_3.jpg,real
TISDC2025/real/建築與景觀/L70425027_1.jpg,real
TISDC2025/real/建築與景觀/L71427160_2.jpg,real
TISDC2025/real/建築與景觀/L61522523_2.jpg,real
TISDC2025/real/建築與景觀/L70425064_3.jpg,real
TISDC2025/real/建築與景觀/L70425027_2.jpg,real
TISDC2025/real/建築與景觀/L71427160_3.jpg,real
TISDC2025/real/建築與景觀/L71427070_2.jpg,real
TISDC2025/real/建築與景觀/L51821118_3.jpg,real
TISDC2025/real/建築與景觀/L62523901_3.jpg,real
TISDC2025/real/建築與景觀/L70725785_1.jpg,real
TISDC2025/real/建築與景觀/L70725935_3.jpg,real
TISDC2025/real/建築與景觀/L70425064_2.jpg,real
TISDC2025/real/建築與景觀/L70425032_1.jpg,real
TISDC2025/real/建築與景觀/L71532181_1.jpg,real
TISDC2025/real/建築與景觀/L71532112_1.jpg,real
TISDC2025/real/建築與景觀/L61422405_3.jpg,real
TISDC2025/real/建築與景觀/L71532112_2.jpg,real
TISDC2025/real/建築與景觀/L63024512_1.jpg,real
TISDC2025/real/建築與景觀/L51320867_1.jpg,real
TISDC2025/real/建築與景觀/L62824258_2.jpg,real
TISDC2025/real/建築與景觀/L71126582_3.jpg,real
TISDC2025/real/建築與景觀/L70425064_1.jpg,real
TISDC2025/real/建築與景觀/L61823115_1.jpg,real
TISDC2025/real/建築與景觀/L61522430_1.jpg,real
TISDC2025/real/建築與景觀/L61422405_2.jpg,real
TISDC2025/real/建築與景觀/L62423695_3.jpg,real
TISDC2025/real/建築與景觀/L71427160_1.jpg,real
TISDC2025/real/建築與景觀/L71126588_3.jpg,real
TISDC2025/real/建築與景觀/L52621450_1.jpg,real
TISDC2025/real/建築與景觀/L63024512_2.jpg,real
TISDC2025/real/建築與景觀/L71532188_3.jpg,real
TISDC2025/real/建築與景觀/L71126582_1.jpg,real
TISDC2025/real/建築與景觀/L71427214_3.jpg,real
TISDC2025/real/建築與景觀/L61822832_3.jpg,real
TISDC2025/real/建築與景觀/L52621447_1.jpg,real
TISDC2025/real/建築與景觀/L71126588_1.jpg,real
TISDC2025/real/建築與景觀/L71427214_1.jpg,real
TISDC2025/real/建築與景觀/L61522523_3.jpg,real
TISDC2025/real/建築與景觀/L70425034_1.jpg,real
TISDC2025/real/建築與景觀/L71532212_3.jpg,real
TISDC2025/real/建築與景觀/L71126582_2.jpg,real
TISDC2025/real/建築與景觀/L71527558_1.jpg,real
TISDC2025/real/建築與景觀/L52621448_2.jpg,real
TISDC2025/real/建築與景觀/L71532181_2.jpg,real
TISDC2025/real/建築與景觀/L71527558_3.jpg,real
TISDC2025/real/建築與景觀/L71532465_3.jpg,real
TISDC2025/real/建築與景觀/L61822832_2.jpg,real
TISDC2025/real/建築與景觀/L71427070_1.jpg,real
TISDC2025/real/建築與景觀/L62523901_2.jpg,real
TISDC2025/real/建築與景觀/L61822861_1.jpg,real
TISDC2025/real/建築與景觀/L61522430_2.jpg,real
TISDC2025/real/建築與景觀/L52621450_2.jpg,real
TISDC2025/real/建築與景觀/L71532188_1.jpg,real
TISDC2025/real/建築與景觀/L52621450_3.jpg,real
TISDC2025/real/建築與景觀/L63024512_3.jpg,real
TISDC2025/real/建築與景觀/L71326936_3.jpg,real
TISDC2025/real/建築與景觀/L70425032_2.jpg,real
TISDC2025/real/建築與景觀/L70625384_1.jpg,real
TISDC2025/real/建築與景觀/L71532465_2.jpg,real
TISDC2025/real/建築與景觀/L70725785_2.jpg,real
TISDC2025/real/建築與景觀/L62824240_1.png,real
TISDC2025/real/建築與景觀/L61422405_1.jpg,real
TISDC2025/real/建築與景觀/L70625384_2.jpg,real
TISDC2025/real/建築與景觀/L62323653_1.jpg,real
TISDC2025/real/建築與景觀/L70725935_2.jpg,real
TISDC2025/real/建築與景觀/L71427214_2.jpg,real
TISDC2025/real/建築與景觀/L71427183_2.jpg,real
TISDC2025/real/建築與景觀/L60321696_2.jpg,real
TISDC2025/real/建築與景觀/L71427183_1.jpg,real
TISDC2025/real/建築與景觀/L71532181_3.jpg,real
TISDC2025/real/建築與景觀/L71532212_2.jpg,real
TISDC2025/real/建築與景觀/L52621447_2.jpg,real
TISDC2025/real/建築與景觀/L70425032_3.jpg,real
TISDC2025/real/建築與景觀/L71326936_2.jpg,real
TISDC2025/fake/P70625315_3.png,fake
TISDC2025/fake/P61923312_1.jpg,fake
TISDC2025/fake/P61923312_2.jpg,fake
TISDC2025/fake/插畫.jpg,fake
TISDC2025/fake/P60921963_1.jpg,fake
TISDC2025/fake/F71427261_B5.png,fake
TISDC2025/fake/L70926173_1.jpg,fake
TISDC2025/fake/L71126593_1.jpg,fake
TISDC2025/fake/P70625315_2.png,fake
TISDC2025/fake/P62423738_B5.jpg,fake
TISDC2025/fake/P62924353_1.jpg,fake
TISDC2025/fake/F60521800_1.jpg,fake
TISDC2025/fake/F71427261_2.png,fake
TISDC2025/fake/L71126600_1.jpg,fake
TISDC2025/fake/F71427261_1.png,fake
TISDC2025/fake/拼貼.jpg,fake
TISDC2025/fake/L70725830_1.jpg,fake
TISDC2025/fake/P61222141_1.jpg,fake
TISDC2025/fake/P70625315_B5.png,fake
TISDC2025/fake/F63024489_1.png,fake
TISDC2025/fake/P70826023_1.jpg,fake
TISDC2025/fake/F62924359_3.jpg,fake
TISDC2025/fake/P61923312_B5.png,fake
TISDC2025/fake/P70525242_B5.jpg,fake
TISDC2025/fake/L70725833_1.jpg,fake
